5099dbb2-5e61-49e6-bb69-61a1186b6007,2025-01-04T12:09:35.802961200Z,27.782609025541582
abde9ef3-3ee9-4ee8-8d6c-341f41b843b0,2025-01-04T12:09:35.912383700Z,-2.5756264928403567
076fe5c4-9493-47b1-a8f6-edc1a1efb595,2025-01-04T12:09:36.023471700Z,5.724125487261304
e63b9fce-82d3-4ce1-9613-09edf70312cd,2025-01-04T12:09:36.132097200Z,-2.219092850154527
2084635a-216c-4f8a-bdaf-4dff583e3585,2025-01-04T12:09:36.241583500Z,1.9421161741615656
45d48375-a33e-496e-a40d-bb4ce432eb55,2025-01-04T12:09:36.347743300Z,10.077995567039931
150c5a6d-e602-4f3a-aa8c-c198b2c2af53,2025-01-04T12:09:36.462974300Z,1.5568944391896746
e29aef84-859f-4bd1-8994-db06e2f931ee,2025-01-04T12:09:36.568426800Z,24.569961577903037
97678ba3-4f22-4161-85c7-6e79c24ba095,2025-01-04T12:09:36.677947400Z,5.162401055728141
51955fee-1550-4d0d-9270-9701049f1b71,2025-01-04T12:09:36.797859200Z,37.11426392720164
eb5830bb-f591-4ead-a1fd-8430d8454def,2025-01-04T12:09:36.906740800Z,22.23197357259059
5cd57891-3b61-4bcd-924b-3eeb45dab616,2025-01-04T12:09:37.014956700Z,14.885637448349947
428ddfae-49cc-455b-806d-25795b400c16,2025-01-04T12:09:37.123123600Z,31.64527547407144
d7a5832b-0940-4885-af42-588260139667,2025-01-04T12:09:37.228943100Z,-5.29701735893088
83126b06-a886-454e-b877-29cbccc112c1,2025-01-04T12:09:37.337690400Z,-2.6564130093719127
871e2008-d4b3-4510-9f28-2d32d1ee2887,2025-01-04T12:09:37.447380200Z,28.092812662716902
7e86ab71-6bbb-4b0c-aa11-6afb8f996a6d,2025-01-04T12:09:37.558069700Z,4.128856705976256
487adf70-9378-4c18-b1b1-5370ebdeff48,2025-01-04T12:09:37.674079800Z,14.192365803832427
66109c61-ea15-41fd-bf6b-485aa336d30d,2025-01-04T12:09:37.783489700Z,28.338333866803694
d525e3e9-e12a-4fdf-a5a9-d0764d3b81bf,2025-01-04T12:09:37.891166700Z,5.740855722633269
950a43b1-3f9d-48bf-9ea9-2c23203ae17d,2025-01-04T12:09:37.999197200Z,5.599903107965979
d33f6cbe-38f8-48ab-8438-f37e00c3becf,2025-01-04T12:09:38.108142500Z,39.845826183082984
e22e40e1-d171-4673-bb00-0c276fc5ddb3,2025-01-04T12:09:38.217993200Z,16.43363657611007
37230219-dfa6-49ad-a455-f09adddbb42d,2025-01-04T12:09:38.338022500Z,8.601361133194132
ddce54f7-856f-4090-a1f0-c179a4408ffe,2025-01-04T12:09:38.448062100Z,-5.776191212544271
390b166d-afde-4350-8c87-d45aac577eb3,2025-01-04T12:09:38.557580300Z,1.6654107249548336
53b20346-534e-472c-9f23-3449720a328d,2025-01-04T12:09:38.669553400Z,-3.564716096799444
169936e2-927e-499f-9453-814e964f6f37,2025-01-04T12:09:38.777739900Z,24.795483968725215
2f880f37-f7ea-480f-b58f-d63a463c9bbd,2025-01-04T12:09:38.888116200Z,22.06265137391882
d4058422-4668-4adf-ab6a-38a5f0c9f65e,2025-01-04T12:09:39.002858700Z,33.347337919186494
c2da9f8d-e1bd-4c36-91e7-a235cd68c00d,2025-01-04T12:09:39.112729300Z,-2.3652103462283938
d0fd64ca-438e-4bc6-abe2-fe89d855ba68,2025-01-04T12:09:39.223384900Z,-4.356744158554262
3686dfb4-ea49-457d-abb8-b2f8371e5dea,2025-01-04T12:09:39.331608700Z,32.88796872687156
e4ae9996-2f40-4f07-8874-0b84497f5d8b,2025-01-04T12:09:39.439564300Z,27.729582492832797
5a9637a8-f41f-4980-8ab7-30822b16f503,2025-01-04T12:09:39.547905700Z,20.984889542106707
8b6b39eb-72d3-497e-8800-bc34cca95b3b,2025-01-04T12:09:39.659326700Z,22.71297898101993
15a756c7-792f-4fc1-bf63-10d1fadb4f1c,2025-01-04T12:09:39.769597400Z,8.19382515306975
0be253d3-56cb-4893-a1ae-f13a6b9a26e4,2025-01-04T12:09:39.877375200Z,-4.031634539745134
1610a6e8-e4e8-490b-af7a-092024117557,2025-01-04T12:09:39.987692600Z,3.8315255224464355
95eec989-b75e-4aa7-a5fc-6a0ce6a5b3a9,2025-01-04T12:09:40.097692600Z,12.95699537452549
a04ef770-4b6a-40c6-879a-0d3a08979f34,2025-01-04T12:09:40.207808700Z,13.376997818372107
d3ad1731-ef5f-4a1d-8ec6-f5e75510b21f,2025-01-04T12:09:40.326917Z,22.119895668458142
adb8bc32-af01-4803-aee7-ccde54b9c08e,2025-01-04T12:09:40.435864900Z,39.623308999508716
cbd1743e-ac3d-45c1-9b2d-689b29d2728d,2025-01-04T12:09:40.545150600Z,38.79080201102441
eb1739b8-79e9-423f-abc9-0fafa9dc053a,2025-01-04T12:09:40.653377500Z,17.974984852042155
38a47101-256a-4fc6-a8e6-82db6d0e8659,2025-01-04T12:09:40.759802100Z,0.6358154151510451
7188299e-3253-429c-8bb8-e42223e52151,2025-01-04T12:09:40.868315600Z,6.915651358749507
eaf85ca6-9731-45c1-8e56-64ff0729b128,2025-01-04T12:09:40.978155900Z,20.95810539780328
668fde4a-f3df-491f-a457-2ef6ccbe5527,2025-01-04T12:09:41.088038500Z,0.02307805722713674
3707d3da-3943-4fa7-afd1-6b8145712574,2025-01-04T12:09:41.208250Z,-0.8448542248462605
e81e7503-0e72-4c3d-85f0-bed2d4ac3fb9,2025-01-04T12:09:41.318090500Z,6.24121888728617
b78d6deb-0cc1-467c-b4e3-ca04d04ec748,2025-01-04T12:09:41.428155200Z,7.122807400922685
f4d7634b-88e6-4cff-9609-6784a6962872,2025-01-04T12:09:41.545744400Z,8.872142445102824
10adb73b-c683-4aa7-8457-fbd41b523b99,2025-01-04T12:09:41.654791300Z,37.705322220494125
1ee5ffbb-b1e2-4c18-951f-f31f68799b98,2025-01-04T12:09:41.762191800Z,16.240739263295527
85ef8831-9a13-47a9-86e7-fdd93fcefa92,2025-01-04T12:09:41.871731Z,7.199624917434932
0d28d70c-c902-4788-b661-ee31e9e87463,2025-01-04T12:09:41.980450900Z,-0.2464134765475272
13ce905a-92ba-4ba9-a6cf-654b64d8017d,2025-01-04T12:09:42.089770500Z,-1.4550487036312525
481c8b98-1e73-41bb-988b-98e44ab9d808,2025-01-04T12:09:42.198251900Z,6.560390278295152
4caf5bf8-cecb-43bf-800d-e62b0b26f09d,2025-01-04T12:09:42.307269600Z,6.319857663502624
9e8fdff7-c741-4077-a1bc-0c7e9e850ace,2025-01-04T12:09:42.417822Z,12.4568985677002
9c418488-08e4-4af4-a9f9-76c9a1a4636d,2025-01-04T12:09:42.527753100Z,36.1828811986296
ebbb7e7d-9b6f-499a-b65b-3d4b87ae5dbb,2025-01-04T12:09:42.637679800Z,15.518670340468475
18a31e64-c1d9-4d23-9f18-c33938a14084,2025-01-04T12:09:42.747853800Z,37.980905829213874
02a756b4-1d3d-4a61-a6b0-47eae5bee352,2025-01-04T12:09:42.858003100Z,27.62259864686702
a87c25a1-5f23-44c3-8519-4fc5cd23b934,2025-01-04T12:09:42.976682900Z,20.6864318352224
cdded3e4-698e-4640-a738-da2f6bcf8170,2025-01-04T12:09:43.085696700Z,38.41367378438468
d6c15ef0-0ab2-48f8-9d70-c6b371b9168e,2025-01-04T12:09:43.193055900Z,19.7929192231527
1c5b70e1-467d-48ba-be09-50a9dc30f07e,2025-01-04T12:09:43.299853100Z,3.480258870713852
83d9e6fa-a056-413e-912f-84546f5c3ba6,2025-01-04T12:09:43.408477300Z,-8.615850327000064
9ed2fa60-2132-47e4-914e-c8bf1fdba172,2025-01-04T12:09:43.518712900Z,17.240887648821744
fbf7df1d-75e5-4b4e-8fb0-f528e46c4422,2025-01-04T12:09:43.627353400Z,-1.7067486741318998
7c4e44a7-b5d3-4bf3-b5f1-5df6b00dea6b,2025-01-04T12:09:43.737665300Z,28.203755395362982
a74733ad-e2c8-4fd3-9c37-32b38560c6ae,2025-01-04T12:09:43.847999400Z,30.47999698130829
a2e7800b-37a0-4bfc-a981-3855dc5996eb,2025-01-04T12:09:43.967522800Z,-5.6220132924728405
aaa2515a-d281-4e23-b448-eab9facddd18,2025-01-04T12:09:44.076711100Z,15.787950515975204
6d41a4e3-b58b-42af-b2b5-163e3b3a0186,2025-01-04T12:09:44.183785400Z,24.39039594378596
a2cf0158-1cf2-472d-a42e-a9ee64a437de,2025-01-04T12:09:44.291312200Z,-3.191232893621029
918aa13b-e144-44da-a5b0-6f494734cc7d,2025-01-04T12:09:44.400124Z,-7.353419445663087
16dba784-ecee-4ab8-b592-3b97fb97cabf,2025-01-04T12:09:44.509904Z,21.798761545375914
f3986541-7aca-4141-b7e2-2f6e4cf7afe2,2025-01-04T12:09:44.619364800Z,27.1803507158479
3ebc3912-032c-4f6d-b3b7-1e8c8e7ab26c,2025-01-04T12:09:44.727864800Z,10.987919014252594
1f5e0b23-2dca-400e-a0f6-97ad1d4990ad,2025-01-04T12:09:44.838174200Z,16.82692367768411
5e228687-36d7-436c-8e50-c90a438bf869,2025-01-04T12:09:44.954698400Z,6.62568707708494
bdd1cbc1-0784-4767-b129-fcefa9adf105,2025-01-04T12:09:45.063588800Z,0.35505921610506697
d5bd9080-d482-4430-a467-94c0ba67a617,2025-01-04T12:09:45.169965600Z,4.558911252038186
e21bb45b-72a4-4978-99e3-edaca318e312,2025-01-04T12:09:45.277804Z,37.18007130727426
5242309b-978d-4a45-80e8-9ec333c301c4,2025-01-04T12:09:45.387846900Z,34.779319119667775
d2289402-d2f7-4a20-baa8-4d6bb6758fb0,2025-01-04T12:09:45.506277400Z,5.3880793781754335
66691144-c9d3-4f8a-b2d6-36e76772bdf6,2025-01-04T12:09:45.614601100Z,37.36149365824247
2e497421-64c8-4dc6-b144-fc187deaba02,2025-01-04T12:09:45.723227100Z,16.081724637654492
1e61f8ed-7805-4e06-8030-7ae5940e021c,2025-01-04T12:09:45.833146300Z,11.876254035071678
59e0ac83-d619-4bfe-b00a-4dc50f71494f,2025-01-04T12:09:45.939809300Z,20.94731061678132
dd8084ad-5b57-471a-91b6-1f9c3f7919b5,2025-01-04T12:09:46.049938900Z,-8.82922527334319
c54d286a-e280-47e2-8ba2-b99814f88647,2025-01-04T12:09:46.159022100Z,28.816045778996262
be0ae746-59b4-4d87-ad02-e733bc691021,2025-01-04T12:09:46.267713600Z,31.427792519054506
769b793e-2aa7-4f6d-b7b5-3b4538b0aca0,2025-01-04T12:09:46.377737800Z,26.180786867658995
71921b0d-3c02-4241-9527-2be7d3895f58,2025-01-04T12:09:46.497592500Z,19.471975586651865
a0723410-1cd4-40e8-8478-adc39b4b6bd2,2025-01-04T12:09:46.605899300Z,4.944678518525873
15c865fc-1b49-49d1-8408-7ec62c4d84fc,2025-01-04T12:09:46.714417700Z,7.2873099414454074
a89d5034-a1f6-4041-8637-0574cd568dc6,2025-01-04T12:09:46.821285800Z,36.87526037743599
e85b1764-6845-48b7-ab1c-27deec83ae63,2025-01-04T12:09:46.931008900Z,12.985373325389759
7369a825-6a8c-44a0-86b7-324e4de9ec31,2025-01-04T12:09:47.037711800Z,34.050436154813134
0661d8c1-9451-45e4-b853-8827a54716d1,2025-01-04T12:09:47.148176700Z,7.252615659689763
8becf254-bf62-4aa8-9c55-b72f0e69ade5,2025-01-04T12:09:47.257351100Z,15.521543814741303
9827c81c-fd38-41de-8cc4-42f044cdf140,2025-01-04T12:09:47.376675900Z,10.569806329580558
b9931196-1e7c-4fed-af76-062459563d9f,2025-01-04T12:09:47.485312500Z,11.495325138634268
fba5b7cb-c307-4414-a0d8-e7b74f0b3623,2025-01-04T12:09:47.591805900Z,-4.508848037532206
9b6ad2a0-4562-4391-8aa2-2fff426ad9ae,2025-01-04T12:09:47.700068700Z,6.229671745448766
e81ef5f2-f028-4dd4-9a16-f09e576e860c,2025-01-04T12:09:47.809111100Z,3.3128967851289186
991f6ad9-c728-49dd-9bb8-b6879080c75f,2025-01-04T12:09:47.917542600Z,8.58081314927712
9d2d6b14-07e2-49a7-a0a0-61e3ecdda2e1,2025-01-04T12:09:48.027850300Z,19.03781678846025
6ca724e4-523b-444a-b627-f9954df67b5c,2025-01-04T12:09:48.137957100Z,35.79662855132901
d8b0aa14-1177-4d0d-a327-7c9ec15709e4,2025-01-04T12:09:48.257109Z,39.42050602420695
bad57006-01fd-49ee-9c7c-824102b7465e,2025-01-04T12:09:48.364838Z,37.31760147172665
da3f3120-71d4-448a-9e62-11472c8da2a3,2025-01-04T12:09:48.472474100Z,28.607560150567082
7f8e146c-8e6b-421d-9c21-1eac633f74f9,2025-01-04T12:09:48.579890600Z,13.65070940269246
9e560e19-65ea-45fa-b3f9-f41e0327b3c8,2025-01-04T12:09:48.687416500Z,35.29672397479757
c276f6bf-6af6-4ddc-90b4-b56c6fa79dde,2025-01-04T12:09:48.797671700Z,12.980246901217338
5d712a54-77f5-4e18-8454-81132ca9dadc,2025-01-04T12:09:48.917205200Z,-3.958823069695513
00c1bc7b-81ed-477f-b0c1-48bc679eb350,2025-01-04T12:09:49.024924300Z,9.26288453323071
23831e74-4796-4394-a00a-f268f2d23b01,2025-01-04T12:09:49.131790600Z,36.211924019804314
313fce65-9cad-4747-aa23-975c446c550a,2025-01-04T12:09:49.239015500Z,18.842695802795532
935bd9d0-cca7-4c5e-8d76-62417f78e803,2025-01-04T12:09:49.347954Z,-6.123458071162194
9ba570fd-acf0-456d-a92d-734ce7b546fa,2025-01-04T12:09:49.468697700Z,-6.13247591759822
4e7b0664-94af-40bd-9de7-b85bff05355f,2025-01-04T12:09:49.578087700Z,11.411475466173112
026367b1-41be-4969-9edd-81cb9337186c,2025-01-04T12:09:49.687946600Z,5.2739894232161895
c9db0acb-e860-4895-8907-929dc3036de6,2025-01-04T12:09:49.806483200Z,-5.226131679815573
02b9cbbc-6077-4558-9816-2fb9a7cc597a,2025-01-04T12:09:49.913441600Z,-6.850718103076877
8b5fc36c-2518-45f0-97f7-a53a3d67bd4e,2025-01-04T12:09:50.022594600Z,24.0352955189718
9a2621ef-9a0d-496e-bbbb-ef80dc54e652,2025-01-04T12:09:50.128555700Z,9.719095952331173
fac2c855-75fb-4913-bcb3-26957c6e6049,2025-01-04T12:09:50.237206300Z,29.822392616567264
c8ec11db-939c-42bc-947b-bcfe9a331969,2025-01-04T12:09:50.347925500Z,8.929892267937444
0241b5a1-8de7-4cfa-80ce-e6053f1f6283,2025-01-04T12:09:50.468662900Z,35.79849793765645
5ef4a865-cbdf-4b2d-b526-3ca40c323d3f,2025-01-04T12:09:50.577850800Z,14.998054688721684
ab112bd7-16ea-4a5c-89bd-5f9e59bdff71,2025-01-04T12:09:50.687825500Z,15.11721506205189
99de5605-5ee7-49fa-90d5-c0c95ad67adc,2025-01-04T12:09:50.807077500Z,-6.5056084092562605
1335e725-43fb-4c75-b0c1-4e058d575c77,2025-01-04T12:09:50.914967400Z,-4.018142956088774
56676f68-eb3a-4044-ab3d-1a6e67679387,2025-01-04T12:09:51.024662200Z,7.642017832679485
e5c85a10-eac5-4017-bdad-f15863e84a15,2025-01-04T12:09:51.133565100Z,7.3605670536716055
9d0c7bba-3c0e-4d14-b13f-1b9e415bebca,2025-01-04T12:09:51.241868900Z,25.529498373549764
5bd461cd-ee51-43ef-a7d6-374468cdb968,2025-01-04T12:09:51.350547100Z,7.0073866471664985
ee00fb59-50f9-4937-8144-5ac0dfada0b1,2025-01-04T12:09:51.458012300Z,20.782712581671177
3ea731e3-4767-4173-846f-f1d387e2831f,2025-01-04T12:09:51.568139300Z,-9.536202101797105
6c0a0de7-12c3-4ea0-9af5-d5a4d23b35f6,2025-01-04T12:09:51.687809800Z,21.38030850973627
3ecd3325-3a4c-4e5b-9a84-0ca19f93a0e7,2025-01-04T12:09:51.794976200Z,26.244491208484547
9c5b381b-b77b-4852-a00a-f60a571076c2,2025-01-04T12:09:51.901816500Z,12.043556584242403
231f62ae-c61b-41b4-b6f8-0fdb1273c1d1,2025-01-04T12:09:52.009025700Z,-8.110750411097026
a4aeca4b-5f4b-4386-8d2c-7daa9813b850,2025-01-04T12:09:52.117411100Z,6.9511395576754325
82732d42-9334-409d-9440-d1c76e34ab2d,2025-01-04T12:09:52.227704500Z,24.41011858065417
f5a38f84-36ec-42c9-bcfc-9f3ca3c3fefa,2025-01-04T12:09:52.346580800Z,21.819092763667566
e9ce0da1-9dc6-4ec0-ad52-ed394f1ae716,2025-01-04T12:09:52.453709800Z,2.2814656958978308
2666ae2f-c482-41e3-8981-1dba440f17dc,2025-01-04T12:09:52.561685300Z,18.70160970091907
f0c0f1b1-00f2-4d25-9241-86aba96053cd,2025-01-04T12:09:52.668774200Z,27.00494656092137
36b50c6c-201b-4fcb-961b-027b2d311fd0,2025-01-04T12:09:52.777719600Z,3.894567061470319
918e9cbc-78a7-4799-80d3-b2b94b9799a5,2025-01-04T12:09:52.887717400Z,-3.1616316526440613
eacd46c0-efcd-4ca5-bc90-8df780dc51e7,2025-01-04T12:09:52.997914400Z,3.5231583902702734
c76ccfe3-f6e3-45dc-b8bb-f4ede7124675,2025-01-04T12:09:53.117885900Z,7.1103125490418435
fa3c54fc-71ef-4393-af09-d98c1423a30b,2025-01-04T12:09:53.227956500Z,26.137189512421976
b062c056-f88f-48fd-b130-112c5d981b34,2025-01-04T12:09:53.338116200Z,-0.5889000056400171
fc8a0060-1663-41d0-9571-5e2309aec5e3,2025-01-04T12:09:53.456051Z,-8.302227600787479
c219959e-9178-492c-b984-314e86935eee,2025-01-04T12:09:53.563468800Z,-7.728847127893537
0acd79b1-861d-4ae3-8929-763a3c26040b,2025-01-04T12:09:53.671485700Z,10.398911928709058
860e63f5-de50-4e42-9ca6-a8db5aa70aac,2025-01-04T12:09:53.780295100Z,-4.717688556076496
6dacc831-7d37-48e9-8bfb-f9a92f9d365d,2025-01-04T12:09:53.888214200Z,-2.085182312969904
a1094595-4d1a-454d-9847-43e1c239f34a,2025-01-04T12:09:53.997652800Z,-3.785235487516106
e7487387-2667-4093-bbfc-dca07d46c1a9,2025-01-04T12:09:54.107709700Z,9.892748034288061
7eefc600-1c63-4cd3-b446-9aaa9fb8cabf,2025-01-04T12:09:54.227824900Z,10.916661805460123
51202f1c-0846-49fc-87cb-b510b3d93a3c,2025-01-04T12:09:54.337239800Z,3.222238974208839
2181af28-31e7-4beb-9ea9-fe047b133863,2025-01-04T12:09:54.457849Z,-9.303776141724159
abc93e2e-c698-40a1-ade8-e4c211101e69,2025-01-04T12:09:54.567639700Z,24.111277510161663
da0997a5-c667-43ab-85b7-86205dc579e2,2025-01-04T12:09:54.677909500Z,-6.325448407439174
4f6d9610-c55e-468d-b3a5-9d90f9c974b5,2025-01-04T12:09:54.787602300Z,39.001330375722134
0bf24ff2-01a0-496f-a3f8-58167455269a,2025-01-04T12:09:54.906558500Z,20.11481266902084
7156fc4d-a17a-487b-8747-197a2e440cd3,2025-01-04T12:09:55.014535600Z,-1.5248286656836498
2661173a-641f-4464-8dc1-204521186d95,2025-01-04T12:09:55.121965100Z,-3.0101155317831827
cd85f350-7bff-46f6-a342-d8f547e09bbf,2025-01-04T12:09:55.230571800Z,32.579609584603105
4a0e7799-8dc6-41ea-99fb-a52b07ba0aaa,2025-01-04T12:09:55.337232300Z,31.711812948187138
affce7c6-d8ab-4d61-9225-665fa5b9bae6,2025-01-04T12:09:55.447990Z,-1.6688387085075433
8217e985-1580-46cb-9da2-648ce531935e,2025-01-04T12:09:55.567760900Z,6.834919940610128
6eddbe44-6263-46f2-ba05-76e5a19c927e,2025-01-04T12:09:55.675054800Z,32.93426921325651
317d762b-1ebe-48e0-94eb-f88818e6de64,2025-01-04T12:18:23.054790500Z,-5.220832273143646
5ccd0f4b-903a-4439-a71c-059eeea428e6,2025-01-04T12:18:23.162487200Z,-4.03409671888574
6b0297ae-f829-4270-9bb7-850ac4d6cdfa,2025-01-04T12:18:23.272498100Z,31.71961484681166
31116cb3-a69c-4f9c-afdc-0ea9e061935d,2025-01-04T12:18:23.380207500Z,18.950045370723515
a5e47285-b227-4942-9955-4686b84d7112,2025-01-04T12:18:23.489831100Z,-2.5016287082377158
3f64ec6b-22e5-476c-9fd9-536d06fe03f3,2025-01-04T12:18:23.597287200Z,23.390805814608406
5575e244-18b2-4871-8f1f-86e99d5b83b1,2025-01-04T12:18:23.707573200Z,15.244506670920703
96a302f3-a49f-439e-9e92-6d84226c426d,2025-01-04T12:18:23.817079Z,39.35421921456379
37f07719-412b-4a81-83e7-d1d18a792763,2025-01-04T12:18:23.935399500Z,32.09387144765939
67ae4265-7e29-431b-9cdc-18f5e1daa6c0,2025-01-04T12:18:24.045256500Z,-9.964976998062927
69188fce-4d29-4bc6-9c46-de639a02b63d,2025-01-04T12:18:24.153497900Z,11.061335424371801
38677b7a-043b-4a98-8df0-39e722691149,2025-01-04T12:18:24.261502900Z,17.502492378796557
24512905-a3f4-48b1-abb8-f5343c081a82,2025-01-04T12:18:24.369565400Z,-2.088333315093557
b5d6d2b0-57a2-46b6-bf44-54ee9dc1dcec,2025-01-04T12:18:24.477210200Z,34.51407576554787
d81a20c9-5099-42ab-b206-d2fff1032485,2025-01-04T12:18:24.587619700Z,0.8733457676225331
5006b78b-626d-4a8b-b0ff-8653b2a8a22d,2025-01-04T12:18:24.706439900Z,32.425262731449195
bf67c0d1-2fa8-4137-bef2-edcbdf81aad8,2025-01-04T12:18:24.813389Z,34.015854781880535
cb9d0e4a-5e9f-4ca3-a67b-056b36bbf425,2025-01-04T12:18:24.920730700Z,6.970244895521837
e733dad3-15cd-4bd3-88ce-92fc5aead5da,2025-01-04T12:18:25.029314700Z,28.471187269609025
2bca7df0-b67b-4c48-893c-6a9d75787f03,2025-01-04T12:18:25.137912100Z,18.557190676754402
fe8d957e-41e7-473f-a0ab-19d1b778beac,2025-01-04T12:18:25.247699100Z,-7.714290189519759
66b5ac23-e686-4a76-b5a1-cb1ed0e2cc9f,2025-01-04T12:18:25.357033700Z,7.153843351338509
99bbfb75-06cd-4721-8f22-e41d387b563c,2025-01-04T12:18:25.475745400Z,-4.318238629387596
aa99830d-d6e7-4021-a459-75ea32989464,2025-01-04T12:18:25.583541300Z,3.804379243452269
07cec83b-2416-4b58-9298-c2f25eaab677,2025-01-04T12:18:25.691032800Z,-4.186753901897707
92adffa9-d39f-46bd-9fd9-fff0a718af35,2025-01-04T12:18:25.797927500Z,-1.6810376853488425
acce9618-49ee-40d9-b187-eef98ad8c43c,2025-01-04T12:18:25.906870100Z,3.921066667892818
aeaee3f2-a576-4e0a-8323-d471e71301e9,2025-01-04T12:18:26.017170200Z,32.246376204983264
328e65d4-cad0-4440-a5e1-9ac29be6afa6,2025-01-04T12:18:26.127271100Z,-0.8810751681195459
2d9aecbb-0e80-4ee3-b962-6ac619f53b55,2025-01-04T12:18:26.237366800Z,16.44207782487985
048e27dc-8675-49f6-919d-c153d43fe2f5,2025-01-04T12:18:26.346967600Z,31.135272556296485
4cc08c06-2a1b-4c34-9aa1-f15a8759d235,2025-01-04T12:18:26.465878600Z,-3.525470450447779
9f0bb5c5-ff22-4ddf-977f-43bc5fb401ef,2025-01-04T12:18:26.574054900Z,29.25195199128987
cdf0a8d9-523e-479a-a5b0-95c8c576da18,2025-01-04T12:18:26.683353600Z,36.89880388315158
c5e354ba-558b-4c4a-9ae5-6ac88a49517d,2025-01-04T12:18:26.791710600Z,34.74434451285017
2c07a3aa-5d00-43bd-b1a9-da231c19f643,2025-01-04T12:18:26.899340100Z,16.726432981855737
6f00d204-962e-4c8b-8c00-364a01337ecb,2025-01-04T12:18:27.007762800Z,38.45297348694324
35097f59-d831-4e4a-9a8a-28d4b9baa6ad,2025-01-04T12:18:27.116997700Z,4.92358902522578
fc0914f0-2952-45bb-8685-904a2776e6e2,2025-01-04T12:18:27.227628400Z,36.09511421825308
b23d144a-d584-4f71-a1ff-ba32164ed44f,2025-01-04T12:18:27.347007500Z,-7.303115194223433
0eb464d8-e4f9-45f1-966d-0c210c6c2416,2025-01-04T12:18:27.454443800Z,39.730792693582565
5fc8020e-89d4-4e92-bd92-415471d88c7a,2025-01-04T12:18:27.562753200Z,31.92905823853132
d2b4e4a5-b0b1-4133-8420-aa223a4f8b6e,2025-01-04T12:18:27.672762900Z,20.885778962641663
1331bef4-81f0-48e9-a683-f9dea0212fb0,2025-01-04T12:18:27.781543700Z,19.188990996637017
868621ef-82ae-4c46-a914-0f5e1c9f98cc,2025-01-04T12:18:27.891150700Z,26.44105275668855
677adfc3-e874-4aa8-afde-79ac7b27391f,2025-01-04T12:18:27.999243400Z,0.8081466412746963
24f3a185-0d45-4105-b5c3-6daaa85a54a6,2025-01-04T12:18:28.122361100Z,36.949736157279695
2d376c29-1d3e-4bc3-98b2-1e7dc7c9dca4,2025-01-04T12:18:28.229191900Z,20.505748178864618
228e8689-4fc5-42b0-8067-2ea8f9f1b55d,2025-01-04T12:18:28.337916600Z,9.748319422653193
f2659936-6791-4c07-aed0-83224bb15aff,2025-01-04T12:18:28.447234900Z,26.748945066329703
5af77075-6e85-40a9-9a02-a20467f2f814,2025-01-04T12:18:28.568257100Z,-9.92461559529957
a4c58f15-9d48-47bb-b083-0aa0a71867c2,2025-01-04T12:18:28.677307600Z,21.171012874799082
781fdeef-e6c4-46c4-8983-6c3449438821,2025-01-04T12:18:28.787442700Z,29.516561775539152
795cc2f5-1ebe-4d52-94e5-af4da042861e,2025-01-04T12:18:28.905446400Z,16.8613805072129
00f38619-79de-4fc3-a2d8-75d9af6cfcc6,2025-01-04T12:18:29.012714100Z,13.23339109452025
0e7b4f66-5852-4975-9088-8b85b7d5a2a6,2025-01-04T12:18:29.119427100Z,-1.9280218054115963
d2e0b722-a7c5-4770-925d-08ba5ba5a693,2025-01-04T12:18:29.227375300Z,25.713750904339243
d9d46530-dba7-48f7-a04b-8c80842aa4d9,2025-01-04T12:18:29.337579400Z,20.779935313089435
e54b79be-5786-40dd-8acc-46acc1f06f5d,2025-01-04T12:18:29.447040500Z,-2.858955869429572
102020e8-7df2-425e-9cb8-610c82053d05,2025-01-04T12:18:29.567314400Z,-1.8148644234390527
fa640e1b-f06b-4b69-a0a1-af2d92d06859,2025-01-04T12:18:29.674617300Z,24.598068297910665
0a00b393-5c5b-4faa-8be9-6ee69c91307b,2025-01-04T12:18:29.782904500Z,31.594775436184136
00d91088-0a91-427e-a578-8681002e9f06,2025-01-04T12:18:29.891531500Z,-1.9429747013923109
1e20a8ac-5007-4a90-ad9b-f86f4818e27d,2025-01-04T12:18:29.998527800Z,32.285942416300706
000e062a-dd5c-4cdd-840f-5d8896dea76d,2025-01-04T12:18:30.107453100Z,6.25728347001591
1717adcf-c775-4715-ad50-84627ac1f4bf,2025-01-04T12:18:30.217698200Z,5.179312187466664
7e75ebeb-9f25-4569-81b2-661fce9d1b9f,2025-01-04T12:18:30.337352900Z,17.615897046819534
a30e12ab-30c9-44e2-97f1-f6d9f893bbc3,2025-01-04T12:18:30.445149200Z,30.746342846418884
46137d92-d079-49fc-8ffb-8a9bfa60ec21,2025-01-04T12:18:30.553979500Z,26.887210897204483
5bef312f-9cf3-491d-8eed-4fc767f9d02e,2025-01-04T12:18:30.660388400Z,29.159420855987968
63b774de-6aa0-4aa2-97c1-547df2900fd6,2025-01-04T12:18:30.769022800Z,27.678167404640497
99b59292-60fe-4642-ba12-c9bf6fc91d45,2025-01-04T12:18:30.877581200Z,15.835677032704158
f57a311c-dd5f-42ca-9c44-0e23a5b1519d,2025-01-04T12:18:30.987725800Z,22.58247980174191
a56663e8-ddd4-4590-a4ff-6ea7b0f1ccdd,2025-01-04T12:18:31.107616800Z,22.18380809375131
35174267-50fe-413d-9aa2-3b61aa1bb220,2025-01-04T12:18:31.217641400Z,-2.2769037871712774
9c5b7750-1f1c-418e-8d4c-6379977d8e55,2025-01-04T12:18:31.327308500Z,0.4080861605203907
10d55d8f-d0f3-47e9-98f7-d550934374f6,2025-01-04T12:18:31.437318300Z,33.14821504995468
4a9091da-980e-4f0c-b0f1-9555faf7228f,2025-01-04T12:18:31.558047100Z,38.930393538884566
854b45f8-781e-45c7-919f-e55f1f4a79bd,2025-01-04T12:18:31.667613100Z,8.727399175766223
834b9fb3-5b8e-4e10-b282-22c7c3443edc,2025-01-04T12:18:31.777523100Z,21.54117702292841
0dd8bdaa-85fb-40a2-b237-79e30f84faa6,2025-01-04T12:18:31.897523Z,21.01350440676029
e706ed3b-1877-463e-bed7-3872b6013373,2025-01-04T12:18:32.007344800Z,21.371465791936124
13caea9a-a6ad-439c-bde0-d4a75e997c9d,2025-01-04T12:18:32.127865100Z,-3.2984366892922186
e66db0e1-e4bb-48e1-948f-ee9f19c461d2,2025-01-04T12:18:32.237649700Z,11.684842854777553
dcd63cf9-93e0-4671-a2ac-05abfb55575c,2025-01-04T12:18:32.347635Z,4.7122879895582255
93bc36fc-5f0f-4215-b6ae-0077931a15c2,2025-01-04T12:18:32.466453800Z,22.220793788753163
75365220-e538-4936-9895-f48ebb6fd35f,2025-01-04T12:18:32.575302Z,11.096473302703107
05f647be-542c-469e-b238-dabed226f7d0,2025-01-04T12:18:32.683856500Z,-0.8142244127356228
3e89df58-50f4-426e-bd56-eeef53d8c7d3,2025-01-04T12:18:32.791195200Z,28.59457458598569
d4aaa126-5565-41fd-a630-1f4f0f4dcfc5,2025-01-04T12:18:32.898122700Z,32.19871528531359
b3255a3f-5e6d-4da6-8705-c7611c1c0a47,2025-01-04T12:32:36.778274700Z,12.346905259199907
c2e7940a-93eb-4775-98c3-d8c652724f2e,2025-01-04T12:32:36.883258900Z,31.309261927320087
1508a63a-5d40-491a-96f1-cff4a0545d28,2025-01-04T12:32:36.990335900Z,30.454931290770233
30338884-d93c-43f0-be28-77bf798fe766,2025-01-04T12:32:37.100313Z,11.060974307175957
f5ba09a7-f0d7-4fff-b541-b2ed1734cf2c,2025-01-04T12:32:37.219749Z,7.309884085451692
3e18069e-75e1-4dbd-aed6-a23522416d65,2025-01-04T12:32:37.326459600Z,-6.171447180420894
49a03a6d-a532-40ff-b410-ebd0bc4f0d1b,2025-01-04T12:32:37.434144900Z,16.008106359185795
4b3ad846-a924-4dbb-9fb4-4ad6f30444ef,2025-01-04T12:32:37.541545800Z,-9.382914460968674
79fee3d1-7bf9-44a6-b97b-1feb632aa600,2025-01-04T12:32:37.649428Z,-2.78483757038567
8b4d4445-34ea-474a-bfae-5260a571040d,2025-01-04T12:32:37.759660900Z,-8.441077716171216
5abb08ee-8874-48f6-98b2-03a2fa526a3e,2025-01-04T12:32:37.880075700Z,13.086458381050328
5d63aad3-c2d2-4184-b1f6-5bb3ec5ee9f6,2025-01-04T12:32:37.989446800Z,-0.972059074047273
e400fc2f-afb8-4e1e-a3d0-be602f4725ca,2025-01-04T12:32:38.099750800Z,36.91310765065599
2cbb6edc-22da-4a48-8f39-7ba4a47781ef,2025-01-04T12:32:38.209918700Z,-1.7711617215147708
5ef0cb1b-97d9-4723-99b4-6af5fb699e50,2025-01-04T12:32:38.327508100Z,30.916535504188886
879caab9-7002-49c5-9d00-aa0a352d206d,2025-01-04T12:32:38.434636200Z,-1.1401068863400443
2f0c3086-4903-4489-ad52-b65d83f1dbc0,2025-01-04T12:32:38.541120700Z,27.02089530441355
989092df-39f2-4a18-8c9e-8b36e9f242fc,2025-01-04T12:32:38.650269200Z,-7.665030302338007
5ed1af4e-81a5-4a45-a9e1-5d37aad7a9de,2025-01-04T12:32:38.760100100Z,-9.815236882421887
c4310f52-2e6a-4fa2-95d9-08cd4095086f,2025-01-04T12:32:38.878767Z,34.1645472231623
39fcfc4a-9471-44d6-ad03-03187f9ae36b,2025-01-04T12:32:38.985787300Z,22.74033572531009
6ea0a490-46a4-44de-9615-929ba83b975a,2025-01-04T12:32:39.093724900Z,-8.968013065916654
0114da49-d41c-4f11-a318-0a31b2c8c706,2025-01-04T12:32:39.201809600Z,-1.281647885169109
c3adc5a6-5b6b-4a14-b073-60de21970095,2025-01-04T12:32:39.309624100Z,4.486986975724243
06639784-33cb-4bc4-9531-778702f252d8,2025-01-04T12:32:39.420255700Z,25.160187526374123
35428732-8ca8-49fd-8abe-3d9005337f9f,2025-01-04T12:32:39.539090200Z,5.171463586022671
edc5d61c-e1e7-4db4-862e-28b4d72c2009,2025-01-04T12:32:39.648195300Z,39.54648358468554
b7c2adef-0afa-4bf1-b4db-8272685899ae,2025-01-04T12:32:39.755363700Z,32.28340146443587
a2522eb7-5821-474b-9ba0-7802bc38a1ab,2025-01-04T12:32:39.863209200Z,8.596723783211122
b1ab1971-20ee-4d70-9ef7-9e06b440e5d4,2025-01-04T12:32:39.970153300Z,36.29220293715705
b1aa8d5c-f1e5-47f6-a5de-39413d142c0d,2025-01-04T12:32:40.079603300Z,9.490248969660161
8afd261c-c6ac-4525-bb72-a5837eb8651b,2025-01-04T12:32:40.190285400Z,39.49669824269134
bc408a76-838e-4b5f-8606-c5060a488320,2025-01-04T12:32:40.307555100Z,3.981412951185213
4b78a633-e8c6-4ed5-9921-854e0168137d,2025-01-04T12:32:40.416171100Z,39.14749477927823
c1bfb3b3-30b9-4c76-be5b-7b0fabfb2dd8,2025-01-04T12:32:40.524533300Z,13.666185697612018
068d590e-44cd-4d01-8d4b-181387715dc6,2025-01-04T12:32:40.631803900Z,33.853155975658154
73396274-3a99-4697-bc68-6bc603cd6e88,2025-01-04T12:32:40.739945300Z,38.82211894838237
085bb34a-66c1-49b1-bf15-c1306c0ea33e,2025-01-04T12:32:40.849642900Z,2.7004997047553694
3f5e47b7-7d40-45c4-a5fb-2c92c70c491a,2025-01-04T12:32:40.969929800Z,27.58705945204683
2600f2cc-e0e6-45d9-8a70-97194ba4c049,2025-01-04T12:32:41.080269100Z,-8.179873396591699
b3f70fe0-fbd6-4270-aae1-3b3915e50af1,2025-01-04T12:32:41.189988900Z,28.84435413591914
711feb9f-316b-412f-834a-1f914aa07371,2025-01-04T12:32:41.308114800Z,8.427213557743755
040267fb-0340-4653-9dbe-1558c005b123,2025-01-04T12:32:41.416743900Z,33.90487638616868
c7e4e5d3-3d17-47e5-a619-bdd122f08e02,2025-01-04T12:32:41.523634700Z,13.104230872850788
c4bdcbf5-2472-4e28-be0d-50021dc743f9,2025-01-04T12:32:41.631749200Z,25.061655582840466
6bbcfd04-0917-4724-8011-939e1b9f63a4,2025-01-04T12:39:32.631206400Z,33.7971746797556
de62b6e4-884e-4b45-9870-1385a9808a2c,2025-01-04T12:39:32.733346500Z,26.675129892180323
02d532a4-c852-4cd0-88d4-c43c409d4abd,2025-01-04T12:39:32.842049200Z,13.692445929407356
c373bd7c-93f7-4701-9b8b-84794cb8f815,2025-01-04T12:39:32.960718300Z,9.489814421763889
da4e9c32-03a7-4cf3-a169-4802b14f986b,2025-01-04T12:39:33.069342600Z,-4.0888404994100425
7f07bb7b-6bb3-49df-8d20-77474ce44be6,2025-01-04T12:39:33.178050400Z,12.135716920209319
04e41043-0e73-4e84-a0c0-703687c36b2e,2025-01-04T12:39:33.286618400Z,28.140227191052503
2acdecd2-a6d6-4f64-959a-1d255a28bc41,2025-01-04T12:39:33.395091300Z,4.083527834998954
dca38840-66c5-493c-8a30-9fb87e56c07e,2025-01-04T12:39:33.503194900Z,-2.9326334505367333
5fe63392-7ac2-44ae-86ae-01c64c09db4b,2025-01-04T12:39:33.612234200Z,-2.7651807249722458
31601608-bf21-4ce7-8399-d202f3d4cb1c,2025-01-04T12:39:33.722889500Z,20.185137697168567
9d18a46d-89f5-4acd-aa1c-3b3c8cc4706d,2025-01-04T12:39:33.842126600Z,33.673804719946936
7b423e9c-12d7-47dc-9189-c3c23dcaabe5,2025-01-04T12:39:33.951256600Z,2.1786017409158127
02ca3ddb-0203-4e18-a9e4-ad613d61c426,2025-01-04T12:39:34.058871600Z,-6.566804986959454
c5b11143-1e41-4aaa-af15-c6c807a2c56a,2025-01-04T12:39:34.165859200Z,21.082330586451707
47dae1b2-48fa-4385-b2dd-93c16c4dc15a,2025-01-04T12:39:34.275116Z,17.29666795519271
2b5efe2e-686b-4176-9516-ab1051c2086c,2025-01-04T12:39:34.383957200Z,4.1681212958966345
c05c854f-f7c7-4209-8374-d587906acebb,2025-01-04T12:39:34.492590Z,16.584750965246478
a5672ad9-25c7-4970-8872-168ab08349aa,2025-01-04T12:39:34.602191700Z,6.84827995857146
8961f1ea-ee8b-4f7a-8b7d-bbd452945815,2025-01-04T12:39:34.712106800Z,-0.8549837035607926
f12cdfc4-b3e6-4bd5-beb9-566f88aa6814,2025-01-04T12:39:34.822572400Z,-6.762770800316828
0091d634-b3ea-431d-a9b1-fb7ea45b4a77,2025-01-04T12:39:34.940476300Z,19.45569766230388
46a14b47-ded8-4bd6-9631-6b3c861f443f,2025-01-04T12:39:35.049789700Z,21.173919336432395
f79f2987-8bc0-4fa4-b57b-9165fc356c2d,2025-01-04T12:39:35.157209400Z,-3.5500277242362843
8b972a90-43ff-48fb-a512-6178225d28b9,2025-01-04T12:39:35.265067900Z,20.017959273274368
e3adaf4e-ac71-42ee-bc4a-792bfa8c4204,2025-01-04T12:39:35.373245700Z,28.003135392639372
f0dd2f86-6de4-44e0-9c70-6924d5d6ad8e,2025-01-04T12:39:35.481952900Z,17.22362797946053
a0bb085e-4238-4db5-ba77-bf576dc9115f,2025-01-04T12:39:35.603568600Z,28.154882410472055
3e6e8ff1-a96b-4eae-8177-836b5cb3dc13,2025-01-04T12:39:35.712094100Z,21.1792679688761
995943e3-af4a-4278-8191-890121452a6c,2025-01-04T12:39:35.821975500Z,16.253452538281074
4ca7682b-7c01-4567-853b-2aba6b1cb05a,2025-01-04T12:39:35.932730800Z,17.96758937009127
18b406c5-4499-43ba-ba1d-a0482b5f087b,2025-01-04T12:39:36.042810800Z,35.02805516659681
a152fad3-de61-4332-850e-350f3b54d534,2025-01-04T12:39:36.161733800Z,29.22898722183006
93562721-7e45-4a27-9b46-9a7caa88f6ee,2025-01-04T12:39:36.271191100Z,12.872917016223017
f5b17fbb-9ef7-416c-ac9a-45393898b70e,2025-01-04T12:39:36.378656900Z,36.150124225320354
1594473b-3bc6-4140-a2d5-380d390cba06,2025-01-04T12:39:36.485299Z,29.643467927819067
3b2a65a5-4c99-4694-84d4-327264bb4114,2025-01-04T12:39:36.593394100Z,30.490104814078258
01f8c5a6-5de2-4e64-84be-376a8c1ff9b3,2025-01-04T12:39:36.702827800Z,-7.662784275879683
aa36e79c-303c-41d6-b7fd-a264d1ffcdd4,2025-01-04T12:39:36.812209600Z,0.5141736884023622
2e66dae1-5942-405e-ab44-26b4c870f6ff,2025-01-04T12:39:36.922853Z,19.004430970128652
effb86f8-6a68-491d-8351-3a3d5ee44038,2025-01-04T12:39:37.031943200Z,16.5287832753857
df7ca114-c404-4552-ad5b-558bbeffdbe3,2025-01-04T12:39:37.151318Z,14.98373145027028
8264054d-b430-42e6-b194-3d892c948193,2025-01-04T12:39:37.259087200Z,4.482192578761394
cca4ea8f-5a55-4ac0-a69e-b05f012d3e72,2025-01-04T12:39:37.366390600Z,23.493360735024062
00d23cde-5981-4776-8c8d-2c36accf51ba,2025-01-04T12:39:37.472824Z,-5.327139139781325
8b8db076-3f49-403c-99ce-0c7659fb0e67,2025-01-04T12:39:37.596924300Z,-8.71068317985125
6a1386d2-4f3d-4dbf-9571-98dd3faded3c,2025-01-04T12:39:37.704186800Z,14.305079628549947
9623f49b-84bc-448a-8952-f12a26fe7e87,2025-01-04T12:39:37.812323400Z,9.619096706559741
51f93f78-a894-49f7-a743-341a30e4d10b,2025-01-04T12:39:37.922785500Z,-1.8304989447934048
1b08500c-7f53-415b-bc43-763dbcc897d5,2025-01-04T12:39:38.032557900Z,25.99453395672819
6cd95960-918d-431e-8ade-c16b82b7f1d0,2025-01-04T12:39:38.142839Z,4.542690031616079
0278b362-2186-4efb-b397-764e67ab99dd,2025-01-04T12:39:38.262365900Z,-4.78845415818733
0e87a98a-44f2-4328-a38b-5e868fa907c2,2025-01-04T12:39:38.370630100Z,20.55525742836717
83471091-a765-4da7-ae68-e8b819fd8f0d,2025-01-04T12:39:38.477178600Z,-8.790969591503968
488fbf1e-bc26-4cc9-b6dd-b6f13292e57f,2025-01-04T12:39:38.586734200Z,-2.7710489673068626
f9ca8314-858c-4b1c-b282-cffa4fbf8933,2025-01-04T12:39:38.694893800Z,15.959920205981735
288757ed-18b5-48f7-8c54-ac0b4850ea3c,2025-01-04T12:39:38.802582400Z,11.22072418589141
6ecba9bf-23a9-415b-9906-b85c8840301d,2025-01-04T12:39:38.912570700Z,-8.162803209011319
081ac137-ce23-428d-b917-66cbe0fbd127,2025-01-04T12:39:39.032640700Z,35.77714229836902
5309c7d1-1323-4d40-828b-6a3eced2fd52,2025-01-04T12:39:39.142352500Z,35.48920645073932
4a5398aa-91f8-4fa6-a44c-cc4ed08bdc04,2025-01-04T12:39:39.252282900Z,7.431510723417571
ed34c08b-afc6-4e13-9e20-5344d595f76a,2025-01-04T12:39:39.370206300Z,-3.019576098291612
bd4010b4-28c6-4c8a-8d1a-ff6b4b93f896,2025-01-04T12:39:39.479544900Z,23.5167595167054
4f31b692-4afb-4954-bb86-788abe15ac60,2025-01-04T12:39:39.588032700Z,8.886108553725698
3e8108d8-9379-4545-a6cc-bf7e6d220fcd,2025-01-04T12:39:39.694587Z,-9.719673765560184
c7273d69-b36d-40f8-90ae-8f9a8386c825,2025-01-04T12:39:39.802425300Z,0.6351618019174872
0bfe9737-6e2b-4010-9ac8-a3c2fdf4f34e,2025-01-04T12:39:39.912154100Z,5.876430978679457
e1ca727a-f961-470f-9285-7af035b6f78b,2025-01-04T12:39:40.022873400Z,-2.956115326753352
94627447-a108-450e-8c2d-7a7e7f85d74b,2025-01-04T12:39:40.132590400Z,35.536085365940586
f4397768-7fbf-47bb-b287-2596ce522186,2025-01-04T12:39:40.251851200Z,31.449735359432943
e38ccf1f-7e3d-4eed-814d-d1756b1a497d,2025-01-04T12:39:40.358631600Z,-5.8080981177562405
7aeede06-42b5-4a67-9d20-6b463f896fc1,2025-01-04T12:39:40.466063300Z,11.82025021623286
eb2cf82d-f410-4727-af93-b5cebf13e7c2,2025-01-04T12:39:40.573747600Z,31.335531283095108
781178d2-3ae8-4907-932c-9681b27e2e87,2025-01-04T12:39:40.682638900Z,-2.234164633661492
00f805ff-1c6d-43f9-9f44-958c58e03bab,2025-01-04T12:39:40.792559900Z,23.13890812917733
2f48c029-e210-46aa-80f2-f7a74719dcb0,2025-01-04T12:39:40.902394900Z,21.52038124925025
0ba06d0a-5459-4ba2-8039-685dd8842c4b,2025-01-04T12:39:41.020903500Z,12.261123255036573
e69da5b1-411a-484a-8ce0-91261adedc75,2025-01-04T12:39:41.128643300Z,2.0709412688715982
2acd2d75-f91f-48e4-ac2b-9a07159429fb,2025-01-04T12:39:41.235518500Z,38.3317706019653
4792dd3c-ccfd-4c0e-9f22-8d4a58b09ca2,2025-01-04T12:39:41.344051200Z,-1.9763223121789881
57f3a97f-03f0-4761-80b1-20e693d0fa98,2025-01-04T12:39:41.452472300Z,24.04622797806305
1f991833-7388-4f89-a592-49e495a9e319,2025-01-04T12:39:41.562889900Z,27.200872987757364
688f272a-cd7f-4465-b9ee-b7e9ddd4382e,2025-01-04T12:39:41.681217300Z,-2.017941283540649
7c571bc4-05c1-4ef6-ba1f-2b5cc17c1ec6,2025-01-04T12:39:41.788814900Z,33.99209840895367
31a5938f-1e22-40b1-b818-8f85a8224561,2025-01-04T12:39:41.896409700Z,5.658397551568932
1f78aefc-3a10-4bca-afaa-519db4b0653a,2025-01-04T12:39:42.004308600Z,35.157012610161914
e155249c-7284-46a3-a003-cc6f8c666fab,2025-01-04T12:39:42.112768600Z,-7.322323160647023
6cba66a5-0be1-4da0-837e-5ded03b1c9f7,2025-01-04T12:39:42.222308Z,1.0295083915207428
91a49bad-1518-418b-87f4-ecb59c790fcf,2025-01-04T12:39:42.342785900Z,5.833803212477887
86a2a5c6-8c97-4325-81c1-552823a399d0,2025-01-04T12:39:42.452377100Z,28.240661458211775
550d1049-59c4-4a98-bb0b-d93402e4d691,2025-01-04T12:39:42.573317700Z,27.99457799502651
5aa24373-e556-4594-a9c5-1022e4677b3d,2025-01-04T12:39:42.682753800Z,21.522352982619985
f9df95e3-1832-4aa5-aa3b-6c7bf4cf3196,2025-01-04T12:39:42.792641300Z,13.221623321732515
ee866041-de5c-4ce7-8f7c-b847bf8bce69,2025-01-04T12:39:42.910938500Z,-6.358094229431862
daa16ee3-0b0f-4aa2-bf5e-1cb7418d6171,2025-01-04T12:39:43.018630200Z,10.977686450105853
a93915e3-a43f-4095-a303-9a989212a5e3,2025-01-04T12:39:43.127663800Z,18.087028021165704
852be94b-7d8d-4808-8191-3eec928bddf5,2025-01-04T12:39:43.235892600Z,1.2739194006773076
f66da1bf-0237-4ef1-a036-1892dc702f38,2025-01-04T12:39:43.343498800Z,20.106722110883137
f43c8cfb-03ad-4384-995f-18847431e841,2025-01-04T12:39:43.452738Z,11.007182741298653
41e1192f-810d-4c95-939e-1b356ce4187f,2025-01-04T12:39:43.562159900Z,1.2180222914407537
8d3a7916-ffea-4a95-b88b-873e6610e8ae,2025-01-04T12:39:43.682020500Z,7.326274345079444
72fa53af-ca83-4d57-a580-e44184042fd5,2025-01-04T12:39:43.789384100Z,6.575678288567925
6ade6841-b6cb-4971-966f-3d58936b6ae2,2025-01-04T12:39:43.897596300Z,8.456840604928402
eef7eedd-28ec-4a9a-ab8c-ca87da6b9541,2025-01-04T12:39:44.005275Z,36.9539651171648
83fe2147-e66d-40f4-85cc-0424653dabb7,2025-01-04T12:39:44.111960300Z,-9.480198057991604
e8d03627-4155-4919-ade4-5c5dc444540d,2025-01-04T12:39:44.222176300Z,25.59801309180343
05a4aa2c-bead-4e77-90dc-b05a73240323,2025-01-04T12:39:44.332862700Z,1.286410110106642
981fb91e-24d9-44c7-a002-4c8d33e6383b,2025-01-04T12:39:44.451156800Z,18.409000223533575
edb76b3f-31f0-4c74-abf8-6c78ef870593,2025-01-04T12:39:44.558860500Z,13.409043574952559
dd4a98f1-4cc1-4f19-b33e-a186a673a262,2025-01-04T12:39:44.664600600Z,-0.8525992153389019
72792ab0-24d8-489a-a69b-9996e58ee50a,2025-01-04T12:39:44.773192400Z,30.421109668471985
d8bd9bdf-d3ea-474c-a1db-023e465b60c6,2025-01-04T12:39:44.882124800Z,11.494875656628832
c651e925-7a87-46e3-af0a-512317f84b06,2025-01-04T12:39:44.992180Z,25.713983949872286
9cbe0c99-037c-4cfd-bc7e-f0b50d4891b7,2025-01-04T12:39:45.112364500Z,7.113569962141366
0004819f-a404-464a-8320-4e40b112d602,2025-01-04T12:39:45.218546300Z,-5.693037296070715
03af9f2f-7daf-4808-b26a-cdb5753f0fe3,2025-01-04T12:39:45.327137700Z,4.267815061606765
6a1dba1f-c7f7-462b-8fed-462772ceea89,2025-01-04T12:39:45.437908500Z,8.092175550037982
d6687e77-c388-439f-9865-a43df4df4055,2025-01-04T12:39:45.544432200Z,-0.604948031934434
bcfddff1-4d9f-4949-9032-5ad615c114cf,2025-01-04T12:39:45.652795300Z,10.456005480774643
5645d547-4c2a-4823-9144-b69e0affc416,2025-01-04T12:39:45.762137400Z,34.279119587844875
d9b278e1-df89-412e-aef0-4c2a4bd3285b,2025-01-04T12:39:45.872787900Z,-4.121205018631892
17c794bc-beae-427c-ad40-fcf85b81eaf8,2025-01-04T12:39:45.991272500Z,22.519870453454146
4a739b76-aae6-4116-a168-679becc24d6a,2025-01-04T12:39:46.099382500Z,-6.046412478408455
3ef56fd5-9d4c-4af1-8f54-31a568630835,2025-01-04T12:39:46.205345400Z,19.91980986118239
0126ae14-6549-48fe-90f0-bd2ce69fb888,2025-01-04T12:39:46.313292600Z,-3.068103805307639
f1b4a220-87e4-43f3-ba77-a5370f0dbe09,2025-01-04T12:39:46.422580Z,36.613563987732846
d9274c90-e3e0-4b9e-869f-078fd169945a,2025-01-04T12:39:46.532691900Z,11.620718162356294
442877a9-30ab-4703-a197-35a90556e6f9,2025-01-04T12:39:46.652286100Z,12.423430813102435
6da4fa1b-af5e-43cb-a103-cd2fe10ed0aa,2025-01-04T12:39:46.761095500Z,13.47207216910354
168d5339-231c-4bdb-aac1-9bf249607c9f,2025-01-04T12:39:46.870077200Z,27.489024889573614
ae4f6443-4448-4717-a71c-edda79fbe840,2025-01-04T12:39:46.977555700Z,35.80755915671809
8223078f-e1e0-4d1a-954b-146cd6a9f575,2025-01-04T12:39:47.083541900Z,14.927456367890173
e365419c-faf6-4ded-9014-593e848a95dd,2025-01-04T12:39:47.191904200Z,25.120217813650825
1a008116-c059-42b1-ab63-5614680c2496,2025-01-04T12:39:47.302284400Z,11.650204600671103
361772d1-c222-4834-8f3b-3569a8c2d298,2025-01-04T12:39:47.411920500Z,13.639942156431559
